period,bx_gse_nt,by_gse_nt,bz_gse_nt,theta_gse_deg,phi_gse_deg,bx_gsm_nt,by_gsm_nt,bz_gsm_nt,theta_gsm_deg,phi_gsm_deg,bt_total_nt,solar_wind_density_cm3,velocity_m_s,solar_wind_temp_k,timedelta_s,gse_x_dscovr_km,gse_y_dscovr_km,gse_z_dscovr_km,smoothed_sunspot_number,is_anomaly_flagged,anomaly_reason,newell_coupling,sw_dynamic_pressure_npa,bz_rolling_mean_3h,bz_rolling_min_3h,src_ac,src_ds,storm_sev_extreme,storm_sev_intense,storm_sev_moderate,storm_sev_minor,storm_sev_quiet,storm_sev_positive,sw_spd_slow,sw_spd_normal,sw_spd_fast,sw_spd_very_fast,sw_spd_extreme,radio_flux_107_sfu_mean,flares_m_count_sum,flares_x_count_sum,xray_flux_numeric_max,global_surface_temp_c,global_surface_humidity_pct,global_surface_pressure_hpa,global_surface_wind_speed_knots,global_cloud_cover_pct
train_a,-5.55,3.0,1.25,11.09,153.37,-5.55,3.0,1.25,11.09,153.37,6.8,1.53,383.92,110237.0,0.0,0.0,0.0,0.0,136.9025,0,,1.0918336549898289,0.1885970960968896,1.25,1.25,True,False,False,False,False,False,True,False,True,False,False,False,False,88.79508196721312,16,0,5.8e-07,8.98711111111111,79.31111111111112,1018.6444444444444,5.567589724444445,48.25555555555555
train_a,-5.58,3.16,1.17,10.1,151.91,-5.58,3.16,1.17,10.1,151.91,6.83,1.69,381.79,123825.0,60.0,0.0,0.0,0.0,136.9025,0,,1.1163936220627346,0.2060145525639227,1.21,1.17,True,False,False,False,False,False,False,False,True,False,False,False,False,88.79508196721312,16,0,5.8e-07,8.98711111111111,79.31111111111112,1018.6444444444444,5.567589724444445,48.25555555555555
train_a,-5.15,3.66,0.85,7.87,146.04,-5.15,3.66,0.85,7.87,146.04,6.77,1.97,389.11,82548.0,120.0,0.0,0.0,0.0,136.9025,0,,1.1893519262995609,0.2494440259572631,1.09,0.85,True,False,False,False,False,False,False,False,True,False,False,False,False,88.79508196721312,16,0,5.8e-07,8.98711111111111,79.31111111111112,1018.6444444444444,5.567589724444445,48.25555555555555
train_a,-5.2,3.68,0.68,6.17,146.17,-5.2,3.68,0.68,6.17,146.17,6.74,1.97,389.11,82548.0,180.0,0.0,0.0,0.0,136.9025,0,,1.2297351252511886,0.2494440259572631,0.9875,0.68,True,False,False,False,False,False,False,False,True,False,False,False,False,88.79508196721312,16,0,5.8e-07,8.98711111111111,79.31111111111112,1018.6444444444444,5.567589724444445,48.25555555555555
train_a,-5.12,3.68,0.49,4.62,145.72,-5.12,3.68,0.49,4.62,145.72,6.65,1.77,384.26,94269.0,240.0,0.0,0.0,0.0,136.9025,0,,1.2675865451337596,0.2185675680406476,0.8879999999999999,0.49,True,False,False,False,False,False,False,False,True,False,False,False,False,88.79508196721312,16,0,5.8e-07,8.98711111111111,79.31111111111112,1018.6444444444444,5.567589724444445,48.25555555555555
train_a,-4.78,3.86,0.05,0.8,142.47,-4.78,3.86,0.05,0.8,142.47,6.54,0.93,367.98,28227.0,300.0,0.0,0.0,0.0,136.9025,0,,1.3737292445238314,0.1053157865146236,0.7483333333333334,0.05,True,False,False,False,False,False,False,False,True,False,False,False,False,88.79508196721312,16,0,5.8e-07,8.98711111111111,79.31111111111112,1018.6444444444444,5.567589724444445,48.25555555555555
train_a,-5.15,3.53,0.52,4.8,147.06,-5.15,3.53,0.52,4.8,147.06,6.63,1.74,384.72,87302.0,360.0,0.0,0.0,0.0,136.9025,0,,1.256483246021,0.2153777686075008,0.7157142857142856,0.05,True,False,False,False,False,False,False,False,True,False,False,False,False,88.79508196721312,16,0,5.8e-07,8.98711111111111,79.31111111111112,1018.6444444444444,5.567589724444445,48.25555555555555
train_a,-5.35,3.06,1.21,10.81,152.06,-5.35,3.06,1.21,10.81,152.06,6.65,1.7,382.41,101225.0,420.0,0.0,0.0,0.0,136.9025,0,,1.0788329123603082,0.207907185469851,0.7775,0.05,True,False,False,False,False,False,False,False,True,False,False,False,False,88.79508196721312,16,0,5.8e-07,8.98711111111111,79.31111111111112,1018.6444444444444,5.567589724444445,48.25555555555555
train_a,-5.77,2.69,0.73,6.66,156.36,-5.77,2.69,0.73,6.66,156.36,6.7,1.1,357.36,79922.0,480.0,0.0,0.0,0.0,136.9025,0,,1.2104835935347742,0.117480736600128,0.7722222222222223,0.05,True,False,False,False,False,False,False,False,True,False,False,False,False,88.79508196721312,16,0,5.8e-07,8.98711111111111,79.31111111111112,1018.6444444444444,5.567589724444445,48.25555555555555
train_a,-6.07,2.2,0.27,2.65,161.24,-6.07,2.2,0.27,2.65,161.24,6.8,1.77,380.53,125156.0,540.0,0.0,0.0,0.0,136.9025,0,,1.3495544186696058,0.2143449053053059,0.722,0.05,True,False,False,False,False,False,False,False,True,False,False,False,False,88.79508196721312,16,0,5.8e-07,8.98711111111111,79.31111111111112,1018.6444444444444,5.567589724444445,48.25555555555555
train_a,-6.37,1.5,0.42,3.81,167.66,-6.37,1.5,0.42,3.81,167.66,6.87,1.19,359.03,53480.0,600.0,0.0,0.0,0.0,136.9025,0,,1.3186776360617911,0.1282834219960573,0.6945454545454545,0.05,True,False,False,False,False,False,False,False,True,False,False,False,False,88.79508196721312,16,0,5.8e-07,8.98711111111111,79.31111111111112,1018.6444444444444,5.567589724444445,48.25555555555555
train_a,-6.3,1.75,0.74,6.41,165.49,-6.3,1.75,0.74,6.41,165.49,6.9,1.31,351.58,62025.0,660.0,0.0,0.0,0.0,136.9025,0,,1.2375553367097225,0.1354196590565092,0.6983333333333333,0.05,True,False,False,False,False,False,False,False,True,False,False,False,False,88.79508196721312,16,0,5.8e-07,8.98711111111111,79.31111111111112,1018.6444444444444,5.567589724444445,48.25555555555555
train_a,-6.15,2.16,0.57,4.82,161.8,-6.15,2.16,0.57,4.82,161.8,6.9,1.13,360.16,48093.0,720.0,0.0,0.0,0.0,136.9025,0,,1.282652814877695,0.1225833527812863,0.6884615384615385,0.05,True,False,False,False,False,False,False,False,True,False,False,False,False,88.79508196721312,16,0,5.8e-07,8.98711111111111,79.31111111111112,1018.6444444444444,5.567589724444445,48.25555555555555
train_a,-6.26,1.96,0.5,4.54,163.66,-6.26,1.96,0.5,4.54,163.66,6.92,1.92,380.25,130687.0,780.0,0.0,0.0,0.0,136.9025,0,,1.3043269711127112,0.232167684996,0.6749999999999999,0.05,True,False,False,False,False,False,False,False,True,False,False,False,False,88.79508196721312,16,0,5.8e-07,8.98711111111111,79.31111111111112,1018.6444444444444,5.567589724444445,48.25555555555555
train_a,-6.36,1.53,1.07,9.05,167.56,-6.36,1.53,1.07,9.05,167.56,6.95,1.89,377.59,131392.0,840.0,0.0,0.0,0.0,136.9025,0,,1.1597531307430786,0.2253537913423167,0.7013333333333333,0.05,True,False,False,False,False,False,False,False,True,False,False,False,False,88.79508196721312,16,0,5.8e-07,8.98711111111111,79.31111111111112,1018.6444444444444,5.567589724444445,48.25555555555555
train_a,-6.06,1.6,1.94,16.46,166.29,-6.06,1.6,1.94,16.46,166.29,6.84,1.36,354.94,49463.0,900.0,0.0,0.0,0.0,136.9025,0,,0.935015894533354,0.1432883544177248,0.77875,0.05,True,False,False,False,False,False,False,False,True,False,False,False,False,88.79508196721312,16,0,5.8e-07,8.98711111111111,79.31111111111112,1018.6444444444444,5.567589724444445,48.25555555555555
train_a,-6.19,1.33,1.69,14.36,168.81,-6.19,1.33,1.69,14.36,168.81,6.88,2.1,373.2,144173.0,960.0,0.0,0.0,0.0,136.9025,0,,0.9981799387655356,0.2446046234352,0.8323529411764706,0.05,True,False,False,False,False,False,False,False,True,False,False,False,False,88.79508196721312,16,0,5.8e-07,8.98711111111111,79.31111111111112,1018.6444444444444,5.567589724444445,48.25555555555555
train_a,-6.01,0.51,2.55,21.61,175.77,-6.01,0.51,2.55,21.61,175.77,6.89,1.56,351.69,54413.0,1020.0,0.0,0.0,0.0,136.9025,0,,0.8139069514698324,0.1613640310720308,0.9277777777777776,0.05,True,False,False,False,False,False,False,False,True,False,False,False,False,88.79508196721312,16,0,5.8e-07,8.98711111111111,79.31111111111112,1018.6444444444444,5.567589724444445,48.25555555555555
train_a,-6.17,0.98,1.88,15.89,172.0,-6.17,0.98,1.88,15.89,172.0,6.91,2.35,369.29,145482.0,1080.0,0.0,0.0,0.0,136.9025,0,,0.9592690747498044,0.2680186739632505,0.9778947368421052,0.05,True,False,False,False,False,False,False,False,True,False,False,False,False,88.79508196721312,16,0,5.8e-07,8.98711111111111,79.31111111111112,1018.6444444444444,5.567589724444445,48.25555555555555
train_a,-6.32,1.61,1.14,9.67,166.7,-6.32,1.61,1.14,9.67,166.7,6.95,2.35,369.29,145482.0,1140.0,0.0,0.0,0.0,136.9025,0,,1.1420924700377926,0.2680186739632505,0.986,0.05,True,False,False,False,False,False,False,False,True,False,False,False,False,88.79508196721312,16,0,5.8e-07,8.98711111111111,79.31111111111112,1018.6444444444444,5.567589724444445,48.25555555555555
train_a,-6.48,1.99,0.28,2.58,163.99,-6.48,1.99,0.28,2.58,163.99,7.13,1.2,356.72,40375.0,1200.0,0.0,0.0,0.0,136.9025,0,,1.3937104625313428,0.1277021654039039,0.9523809523809524,0.05,True,False,False,False,False,False,False,False,True,False,False,False,False,88.79508196721312,16,0,5.8e-07,8.98711111111111,79.31111111111112,1018.6444444444444,5.567589724444445,48.25555555555555
train_a,-6.42,2.1,0.14,1.39,162.91,-6.42,2.1,0.14,1.39,162.91,7.08,0.67,347.71,41954.0,1260.0,0.0,0.0,0.0,136.9025,0,,1.42479591388853,0.0677440663163561,0.9154545454545456,0.05,True,False,False,False,False,False,False,False,True,False,False,False,False,88.79508196721312,16,0,5.8e-07,8.98711111111111,79.31111111111112,1018.6444444444444,5.567589724444445,48.25555555555555
train_a,-6.25,2.11,0.53,4.68,162.41,-6.25,2.11,0.53,4.68,162.41,6.91,0.59,343.58,48116.0,1320.0,0.0,0.0,0.0,136.9025,0,,1.294820738683724,0.0582465033744388,0.898695652173913,0.05,True,False,False,False,False,False,False,False,True,False,False,False,False,88.79508196721312,16,0,5.8e-07,8.98711111111111,79.31111111111112,1018.6444444444444,5.567589724444445,48.25555555555555
train_a,-6.24,2.15,0.61,5.29,162.06,-6.24,2.15,0.61,5.29,162.06,6.92,0.73,345.51,52190.0,1380.0,0.0,0.0,0.0,136.9025,0,,1.2749050916973188,0.0728796368638899,0.8866666666666667,0.05,True,False,False,False,False,False,False,False,True,False,False,False,False,88.79508196721312,16,0,5.8e-07,8.98711111111111,79.31111111111112,1018.6444444444444,5.567589724444445,48.25555555555555
train_a,-6.12,2.33,0.98,8.36,160.26,-6.12,2.33,0.98,8.36,160.26,6.91,0.75,350.37,47272.0,1440.0,0.0,0.0,0.0,136.9025,0,,1.176688458208028,0.0769975996421025,0.8904,0.05,True,False,False,False,False,False,False,False,True,False,False,False,False,88.79508196721312,16,0,5.8e-07,8.98711111111111,79.31111111111112,1018.6444444444444,5.567589724444445,48.25555555555555
train_a,-6.07,2.18,1.17,10.02,161.6,-6.07,2.18,1.17,10.02,161.6,6.91,0.78,347.425,56959.0,1500.0,0.0,0.0,0.0,136.9025,0,,1.1285247866404893,0.0787369942645162,0.9011538461538462,0.05,True,False,False,False,False,False,False,False,True,False,False,False,False,88.79508196721312,16,0,5.8e-07,8.98711111111111,79.31111111111112,1018.6444444444444,5.567589724444445,48.25555555555555
train_a,-6.0,2.59,1.0,8.55,157.9,-6.0,2.59,1.0,8.55,157.9,6.94,0.81,344.48,66646.0,1560.0,0.0,0.0,0.0,136.9025,0,,1.17606464227967,0.0803850230483712,0.9048148148148148,0.05,True,False,False,False,False,False,False,False,True,False,False,False,False,88.79508196721312,16,0,5.8e-07,8.98711111111111,79.31111111111112,1018.6444444444444,5.567589724444445,48.25555555555555
train_a,-6.12,2.56,0.75,6.42,158.48,-6.12,2.56,0.75,6.42,158.48,6.99,0.67,353.5,43130.0,1620.0,0.0,0.0,0.0,136.9025,0,,1.2482023027670277,0.07001897288225,0.8992857142857142,0.05,True,False,False,False,False,False,False,False,True,False,False,False,False,88.79508196721312,16,0,5.8e-07,8.98711111111111,79.31111111111112,1018.6444444444444,5.567589724444445,48.25555555555555
train_a,-5.95,2.54,1.48,12.63,158.23,-5.95,2.54,1.48,12.63,158.23,6.93,0.76,351.77,44163.0,1680.0,0.0,0.0,0.0,136.9025,0,,1.0554976401124134,0.0786490147656452,0.9193103448275862,0.05,True,False,False,False,False,False,False,False,True,False,False,False,False,88.79508196721312,16,0,5.8e-07,8.98711111111111,79.31111111111112,1018.6444444444444,5.567589724444445,48.25555555555555
train_a,-6.18,2.28,0.65,5.64,161.04,-6.18,2.28,0.65,5.64,161.04,6.95,0.72,345.82,50025.0,1740.0,0.0,0.0,0.0,136.9025,0,,1.2686747846358577,0.0720103308250463,0.9103333333333332,0.05,True,False,False,False,False,False,False,False,True,False,False,False,False,88.79508196721312,16,0,5.8e-07,8.98711111111111,79.31111111111112,1018.6444444444444,5.567589724444445,48.25555555555555
train_a,-1.9,-4.88,1.55,4.29,185.44,-1.9,-4.88,1.55,4.29,185.44,19.34,0.78,349.265,55885.0,1800.0,0.0,0.0,0.0,136.9025,0,,2.5588892534473917,0.0795732018433306,0.9309677419354838,0.05,True,False,False,False,False,False,False,False,True,False,False,False,False,88.79508196721312,16,0,5.8e-07,8.98711111111111,79.31111111111112,1018.6444444444444,5.567589724444445,48.25555555555555
train_a,-6.24,2.24,0.64,5.52,161.38,-6.24,2.24,0.64,5.52,161.38,6.99,0.84,352.71,61745.0,1860.0,0.0,0.0,0.0,136.9025,0,,1.2771732521775934,0.0873930564954972,0.921875,0.05,True,False,False,False,False,False,False,False,True,False,False,False,False,88.79508196721312,16,0,5.8e-07,8.98711111111111,79.31111111111112,1018.6444444444444,5.567589724444445,48.25555555555555
train_a,-6.44,1.74,0.58,4.97,165.87,-6.44,1.74,0.58,4.97,165.87,7.01,0.81,349.75,54906.0,1920.0,0.0,0.0,0.0,136.9025,0,,1.296006102345609,0.0828633643126875,0.9115151515151516,0.05,True,False,False,False,False,False,False,False,True,False,False,False,False,88.79508196721312,16,0,5.8e-07,8.98711111111111,79.31111111111112,1018.6444444444444,5.567589724444445,48.25555555555555
train_a,-6.43,1.73,0.86,7.29,165.91,-6.43,1.73,0.86,7.29,165.91,7.02,0.84,342.42,45858.0,1980.0,0.0,0.0,0.0,136.9025,0,,1.22398391584501,0.0823682101093488,0.91,0.05,True,False,False,False,False,False,False,False,True,False,False,False,False,88.79508196721312,16,0,5.8e-07,8.98711111111111,79.31111111111112,1018.6444444444444,5.567589724444445,48.25555555555555
train_a,-6.48,1.49,1.12,9.33,167.98,-6.48,1.49,1.12,9.33,167.98,7.05,1.06,352.18,60707.0,2040.0,0.0,0.0,0.0,136.9025,0,,1.1621433519205124,0.1099505333260472,0.916,0.05,True,False,False,False,False,False,False,False,True,False,False,False,False,88.79508196721312,16,0,5.8e-07,8.98711111111111,79.31111111111112,1018.6444444444444,5.567589724444445,48.25555555555555
train_a,-6.51,1.37,1.12,9.29,169.03,-6.51,1.37,1.12,9.29,169.03,7.04,1.06,352.18,60707.0,2100.0,0.0,0.0,0.0,136.9025,0,,1.1606450351881108,0.1099505333260472,0.9216666666666666,0.05,True,False,False,False,False,False,False,False,True,False,False,False,False,88.79508196721312,16,0,5.8e-07,8.98711111111111,79.31111111111112,1018.6444444444444,5.567589724444445,48.25555555555555
train_a,-6.46,1.21,1.14,9.57,170.15,-6.46,1.21,1.14,9.57,170.15,6.97,1.21,345.48,76654.0,2160.0,0.0,0.0,0.0,136.9025,0,,1.145105994233692,0.1207795171196591,0.9275675675675676,0.05,True,False,False,False,False,False,False,False,True,False,False,False,False,88.79508196721312,16,0,5.8e-07,8.98711111111111,79.31111111111112,1018.6444444444444,5.567589724444445,48.25555555555555
train_a,-6.41,1.2,1.37,11.44,170.22,-6.41,1.2,1.37,11.44,170.22,6.96,1.56,344.54,76080.0,2220.0,0.0,0.0,0.0,136.9025,0,,1.0866806417138035,0.1548695348320848,0.9392105263157894,0.05,True,False,False,False,False,False,False,False,True,False,False,False,False,88.79508196721312,16,0,5.8e-07,8.98711111111111,79.31111111111112,1018.6444444444444,5.567589724444445,48.25555555555555
train_a,-6.38,1.48,0.88,7.54,167.88,-6.38,1.48,0.88,7.54,167.88,6.91,2.15,362.25,174118.0,2280.0,0.0,0.0,0.0,136.9025,0,,1.2024701087930978,0.2359485675028124,0.9376923076923076,0.05,True,False,False,False,False,False,False,False,True,False,False,False,False,88.79508196721312,16,0,5.8e-07,8.98711111111111,79.31111111111112,1018.6444444444444,5.567589724444445,48.25555555555555
train_a,-6.4,1.32,0.75,6.46,169.2,-6.4,1.32,0.75,6.46,169.2,6.88,1.01,345.98,53734.0,2340.0,0.0,0.0,0.0,136.9025,0,,1.231965880895504,0.1011079859099452,0.933,0.05,True,False,False,False,False,False,False,False,True,False,False,False,False,88.79508196721312,16,0,5.8e-07,8.98711111111111,79.31111111111112,1018.6444444444444,5.567589724444445,48.25555555555555
train_a,-6.38,1.33,0.53,4.69,169.16,-6.38,1.33,0.53,4.69,169.16,6.84,0.97,345.82500000000005,58773.5,2400.0,0.0,0.0,0.0,136.9025,0,,1.2846169924692037,0.0970167232672369,0.9231707317073172,0.05,True,False,False,False,False,False,False,False,True,False,False,False,False,88.79508196721312,16,0,5.8e-07,8.98711111111111,79.31111111111112,1018.6444444444444,5.567589724444445,48.25555555555555
train_a,-6.45,1.17,0.92,7.76,170.49,-6.45,1.17,0.92,7.76,170.49,6.93,0.93,345.67,63813.0,2460.0,0.0,0.0,0.0,136.9025,0,,1.1951088967741483,0.092932672096715,0.9230952380952382,0.05,True,False,False,False,False,False,False,False,True,False,False,False,False,88.79508196721312,16,0,5.8e-07,8.98711111111111,79.31111111111112,1018.6444444444444,5.567589724444445,48.25555555555555
train_a,-6.49,1.21,0.77,6.5,170.18,-6.49,1.21,0.77,6.5,170.18,6.96,1.09,345.66,41514.0,2520.0,0.0,0.0,0.0,136.9025,0,,1.2385434987680408,0.1089147868653852,0.9195348837209302,0.05,True,False,False,False,False,False,False,False,True,False,False,False,False,88.79508196721312,16,0,5.8e-07,8.98711111111111,79.31111111111112,1018.6444444444444,5.567589724444445,48.25555555555555
train_a,-6.54,1.36,0.34,3.08,169.04,-6.54,1.36,0.34,3.08,169.04,6.98,0.91,342.15,52172.0,2580.0,0.0,0.0,0.0,136.9025,0,,1.3561743386294487,0.0890915629210425,0.9063636363636364,0.05,True,False,False,False,False,False,False,False,True,False,False,False,False,88.79508196721312,16,0,5.8e-07,8.98711111111111,79.31111111111112,1018.6444444444444,5.567589724444445,48.25555555555555
train_a,-6.58,1.05,-0.07,-0.27,171.64,-6.58,1.05,-0.07,-0.27,171.64,6.96,0.91,344.75,57122.0,2640.0,0.0,0.0,0.0,136.9025,0,,1.427292626084081,0.0904507221970625,0.8846666666666667,-0.07,True,False,False,False,False,False,False,False,True,False,False,False,False,88.79508196721312,16,0,5.8e-07,8.98711111111111,79.31111111111112,1018.6444444444444,5.567589724444445,48.25555555555555
train_a,-6.53,1.03,-0.27,-1.86,171.8,-6.53,1.03,-0.27,-1.86,171.8,6.93,0.91,347.35,62072.0,2700.0,0.0,0.0,0.0,136.9025,0,,1.3681105703137912,0.0918201706392425,0.8595652173913043,-0.27,True,False,False,False,False,False,False,False,True,False,False,False,False,88.79508196721312,16,0,5.8e-07,8.98711111111111,79.31111111111112,1018.6444444444444,5.567589724444445,48.25555555555555
train_a,-6.52,1.0,-0.34,-2.54,171.97,-6.52,1.0,-0.34,-2.54,171.97,6.93,0.57,346.24,35887.0,2760.0,0.0,0.0,0.0,136.9025,0,,1.3490277144938156,0.0571467360546815,0.8340425531914895,-0.34,True,False,False,False,False,False,False,False,True,False,False,False,False,88.79508196721312,16,0,5.8e-07,8.98711111111111,79.31111111111112,1018.6444444444444,5.567589724444445,48.25555555555555
train_a,-6.52,1.06,-0.54,-4.16,171.46,-6.52,1.06,-0.54,-4.16,171.46,6.93,0.6966666666666667,346.1766666666667,44041.66666666666,2820.0,0.0,0.0,0.0,136.9025,0,,1.29505070769713,0.0698204609639481,0.8054166666666666,-0.54,True,False,False,False,False,False,False,False,True,False,False,False,False,88.79508196721312,16,0,5.8e-07,8.98711111111111,79.31111111111112,1018.6444444444444,5.567589724444445,48.25555555555555
train_a,-6.58,1.36,-0.04,-0.07,169.17,-6.58,1.36,-0.04,-0.07,169.17,7.02,0.8233333333333333,346.11333333333334,52196.333333333336,2880.0,0.0,0.0,0.0,136.9025,0,,1.443917784080714,0.0824849005716537,0.7881632653061224,-0.54,True,False,False,False,False,False,False,False,True,False,False,False,False,88.79508196721312,16,0,5.8e-07,8.98711111111111,79.31111111111112,1018.6444444444444,5.567589724444445,48.25555555555555
train_a,-6.66,0.99,0.23,2.16,172.23,-6.66,0.99,0.23,2.16,172.23,7.05,0.95,346.05,60351.0,2940.0,0.0,0.0,0.0,136.9025,0,,1.3960149200124206,0.0951400574272125,0.777,-0.54,True,False,False,False,False,False,False,False,True,False,False,False,False,88.79508196721312,16,0,5.8e-07,8.98711111111111,79.31111111111112,1018.6444444444444,5.567589724444445,48.25555555555555
train_a,-6.75,0.86,0.54,4.61,173.34,-6.75,0.86,0.54,4.61,173.34,7.12,0.9533333333333333,346.81,57493.66666666666,3000.0,0.0,0.0,0.0,136.9025,0,,1.3225451877389809,0.0958937049283832,0.7723529411764706,-0.54,True,False,False,False,False,False,False,False,True,False,False,False,False,88.79508196721312,16,0,5.8e-07,8.98711111111111,79.31111111111112,1018.6444444444444,5.567589724444445,48.25555555555555
train_a,-6.71,0.94,0.72,6.06,172.78,-6.71,0.94,0.72,6.06,172.78,7.12,0.9566666666666668,347.57,54636.333333333336,3060.0,0.0,0.0,0.0,136.9025,0,,1.275098320948288,0.0966512124825956,0.7713461538461538,-0.54,True,False,False,False,False,False,False,False,True,False,False,False,False,88.79508196721312,16,0,5.8e-07,8.98711111111111,79.31111111111112,1018.6444444444444,5.567589724444445,48.25555555555555
train_a,-6.65,0.96,1.08,8.87,172.54,-6.65,0.96,1.08,8.87,172.54,7.1,0.96,348.33,51779.0,3120.0,0.0,0.0,0.0,136.9025,0,,1.1796772080437292,0.0974125897507872,0.7771698113207547,-0.54,True,False,False,False,False,False,False,False,True,False,False,False,False,88.79508196721312,16,0,5.8e-07,8.98711111111111,79.31111111111112,1018.6444444444444,5.567589724444445,48.25555555555555
train_a,-6.6,0.8,1.3,10.73,173.78,-6.6,0.8,1.3,10.73,173.78,7.08,0.56,326.94,18877.0,3180.0,0.0,0.0,0.0,136.9025,0,,1.1219643301486857,0.0500594692072608,0.7868518518518519,-0.54,True,False,False,False,False,False,False,False,True,False,False,False,False,88.79508196721312,16,0,5.8e-07,8.98711111111111,79.31111111111112,1018.6444444444444,5.567589724444445,48.25555555555555
train_a,-6.43,0.79,1.74,14.33,173.74,-6.43,0.79,1.74,14.33,173.74,7.02,0.97,345.98,49545.0,3240.0,0.0,0.0,0.0,136.9025,0,,1.0080721735024514,0.0971037092402443,0.8041818181818181,-0.54,True,False,False,False,False,False,False,False,True,False,False,False,False,88.79508196721312,16,0,5.8e-07,8.98711111111111,79.31111111111112,1018.6444444444444,5.567589724444445,48.25555555555555
train_a,-6.6,0.89,1.28,10.51,173.0,-6.6,0.89,1.28,10.51,173.0,7.07,1.25,345.97,62392.0,3300.0,0.0,0.0,0.0,136.9025,0,,1.1253714714732246,0.1251264124558375,0.8126785714285714,-0.54,True,False,False,False,False,False,False,False,True,False,False,False,False,88.79508196721312,16,0,5.8e-07,8.98711111111111,79.31111111111112,1018.6444444444444,5.567589724444445,48.25555555555555
train_a,-6.68,0.75,1.27,10.35,174.19,-6.68,0.75,1.27,10.35,174.19,7.13,1.17,350.28,69095.0,3360.0,0.0,0.0,0.0,136.9025,0,,1.13685506738911,0.1200545545281263,0.8207017543859649,-0.54,True,False,False,False,False,False,False,False,True,False,False,False,False,88.79508196721312,16,0,5.8e-07,8.98711111111111,79.31111111111112,1018.6444444444444,5.567589724444445,48.25555555555555
train_a,-6.73,0.71,1.27,10.34,174.54,-6.73,0.71,1.27,10.34,174.54,7.16,0.57,326.66,16306.0,3420.0,0.0,0.0,0.0,136.9025,0,,1.1413549286446143,0.0508661500337195,0.8284482758620689,-0.54,True,False,False,False,False,False,False,False,True,False,False,False,False,88.79508196721312,16,0,5.8e-07,8.98711111111111,79.31111111111112,1018.6444444444444,5.567589724444445,48.25555555555555
train_a,-6.66,0.62,1.32,10.78,175.31,-6.66,0.62,1.32,10.78,175.31,7.11,0.99,344.92,58207.0,3480.0,0.0,0.0,0.0,136.9025,0,,1.121584336124136,0.0984995046013968,0.8367796610169491,-0.54,True,False,False,False,False,False,False,False,True,False,False,False,False,88.79508196721312,16,0,5.8e-07,8.98711111111111,79.31111111111112,1018.6444444444444,5.567589724444445,48.25555555555555
train_a,-6.52,0.67,1.31,10.9,174.78,-6.52,0.67,1.31,10.9,174.78,7.0,0.98,345.4,75374.0,3540.0,0.0,0.0,0.0,136.9025,0,,1.107426016768218,0.0977761289058399,0.8446666666666667,-0.54,True,False,False,False,False,False,False,False,True,False,False,False,False,88.79508196721312,16,0,5.8e-07,8.98711111111111,79.31111111111112,1018.6444444444444,5.567589724444445,48.25555555555555
train_a,-6.56,0.27,1.35,11.21,178.22,-6.56,0.27,1.35,11.21,178.22,7.01,0.36,317.16,73505.83333333333,3600.0,0.0,0.0,0.0,136.9025,0,,1.0991489259461291,0.0302845702972607,0.8529508196721312,-0.54,True,False,False,False,False,False,True,False,True,False,False,False,False,88.79508196721312,16,0,5.8e-07,8.98711111111111,79.31111111111112,1018.6444444444444,5.567589724444445,48.25555555555555
train_a,-6.53,0.53,1.42,11.78,175.95,-6.53,0.53,1.42,11.78,175.95,7.0,0.13,312.68,71637.66666666667,3660.0,0.0,0.0,0.0,136.9025,0,,1.080623012752436,0.0106293242537456,0.8620967741935485,-0.54,True,False,False,False,False,False,False,False,True,False,False,False,False,88.79508196721312,16,0,5.8e-07,8.98711111111111,79.31111111111112,1018.6444444444444,5.567589724444445,48.25555555555555
train_a,-6.47,0.56,1.36,11.41,175.62,-6.47,0.56,1.36,11.41,175.62,6.92,0.1866666666666666,312.81666666666666,69769.5,3720.0,0.0,0.0,0.0,136.9025,0,,1.0830324125763813,0.0152759643765192,0.87,-0.54,True,False,False,False,False,False,False,False,True,False,False,False,False,88.79508196721312,16,0,5.8e-07,8.98711111111111,79.31111111111112,1018.6444444444444,5.567589724444445,48.25555555555555
train_a,-6.52,0.39,1.31,10.93,177.14,-6.52,0.39,1.31,10.93,177.14,6.95,0.2433333333333333,312.9533333333333,67901.33333333333,3780.0,0.0,0.0,0.0,136.9025,0,,1.0998452293888072,0.0199307143832481,0.876875,-0.54,True,False,False,False,False,False,False,False,True,False,False,False,False,88.79508196721312,16,0,5.8e-07,8.98711111111111,79.31111111111112,1018.6444444444444,5.567589724444445,48.25555555555555
train_a,-6.48,0.28,1.49,12.4,178.01,-6.48,0.28,1.49,12.4,178.01,6.95,0.3,313.09,66033.16666666667,3840.0,0.0,0.0,0.0,136.9025,0,,1.0561539981984858,0.0245935795848089,0.8863076923076924,-0.54,True,False,False,False,False,False,False,False,True,False,False,False,False,88.79508196721312,16,0,5.8e-07,8.98711111111111,79.31111111111112,1018.6444444444444,5.567589724444445,48.25555555555555
train_a,-6.52,-0.28,1.63,13.38,182.83,-6.52,-0.28,1.63,13.38,182.83,7.04,1.18,344.99,64165.0,3900.0,0.0,0.0,0.0,136.9025,0,,1.036701057840649,0.1174511077940833,0.8975757575757576,-0.54,True,False,False,False,False,False,False,False,True,False,False,False,False,88.79508196721312,16,0,5.8e-07,8.98711111111111,79.31111111111112,1018.6444444444444,5.567589724444445,48.25555555555555
train_a,-6.44,-0.82,1.78,14.69,187.37,-6.44,-0.82,1.78,14.69,187.37,7.02,2.16,360.58,179422.0,3960.0,0.0,0.0,0.0,136.9025,0,,0.9988790485156716,0.2348654404564512,0.9107462686567164,-0.54,True,False,False,False,False,False,False,False,True,False,False,False,False,88.79508196721312,16,0,5.8e-07,8.98711111111111,79.31111111111112,1018.6444444444444,5.567589724444445,48.25555555555555
train_a,-6.34,-1.05,1.94,16.01,189.4,-6.34,-1.05,1.94,16.01,189.4,7.0,2.16,360.58,179422.0,4020.0,0.0,0.0,0.0,136.9025,0,,0.9596304547214162,0.2348654404564512,0.9258823529411764,-0.54,True,False,False,False,False,False,False,False,True,False,False,False,False,88.79508196721312,16,0,5.8e-07,8.98711111111111,79.31111111111112,1018.6444444444444,5.567589724444445,48.25555555555555
train_a,-6.3,-0.9,2.1,17.37,188.19,-6.3,-0.9,2.1,17.37,188.19,7.0,2.38,358.61,172618.0,4080.0,0.0,0.0,0.0,136.9025,0,,0.9244044649483022,0.2559669217250473,0.9428985507246376,-0.54,True,False,False,False,False,False,False,False,True,False,False,False,False,88.79508196721312,16,0,5.8e-07,8.98711111111111,79.31111111111112,1018.6444444444444,5.567589724444445,48.25555555555555
train_a,-6.3,-0.58,2.02,16.81,185.49,-6.3,-0.58,2.02,16.81,185.49,6.97,1.8,363.79,178347.0,4140.0,0.0,0.0,0.0,136.9025,0,,0.9372954899271126,0.199221458646294,0.9582857142857144,-0.54,True,False,False,False,False,False,False,False,True,False,False,False,False,88.79508196721312,16,0,5.8e-07,8.98711111111111,79.31111111111112,1018.6444444444444,5.567589724444445,48.25555555555555
train_a,-6.45,-0.4,1.89,15.52,183.81,-6.45,-0.4,1.89,15.52,183.81,7.05,1.02,346.26,64533.0,4200.0,0.0,0.0,0.0,136.9025,0,,0.9784890122951782,0.1022743947184776,0.9714084507042252,-0.54,True,False,False,False,False,False,False,False,True,False,False,False,False,88.79508196721312,16,0,5.8e-07,8.98711111111111,79.31111111111112,1018.6444444444444,5.567589724444445,48.25555555555555
train_a,-6.42,-0.61,1.89,15.6,185.61,-6.42,-0.61,1.89,15.6,185.61,7.03,1.81,365.69,176804.0,4260.0,0.0,0.0,0.0,136.9025,0,,0.9754304114636326,0.2024262550500983,0.9841666666666666,-0.54,True,False,False,False,False,False,False,False,True,False,False,False,False,88.79508196721312,16,0,5.8e-07,8.98711111111111,79.31111111111112,1018.6444444444444,5.567589724444445,48.25555555555555
train_a,-6.3,-0.61,2.27,18.71,185.74,-6.3,-0.61,2.27,18.71,185.74,7.03,2.36,358.05,171735.0,4320.0,0.0,0.0,0.0,136.9025,0,,0.8926353292355439,0.2530238478005699,1.0017808219178082,-0.54,True,False,False,False,False,False,False,False,True,False,False,False,False,88.79508196721312,16,0,5.8e-07,8.98711111111111,79.31111111111112,1018.6444444444444,5.567589724444445,48.25555555555555
train_a,-6.38,-1.15,1.89,15.49,190.2,-6.38,-1.15,1.89,15.49,190.2,7.07,1.26,345.38,32759.0,4380.0,0.0,0.0,0.0,136.9025,0,,0.9815446417463726,0.1256976077133672,1.0137837837837838,-0.54,True,False,False,False,False,False,False,False,True,False,False,False,False,88.79508196721312,16,0,5.8e-07,8.98711111111111,79.31111111111112,1018.6444444444444,5.567589724444445,48.25555555555555
train_a,-6.28,-1.06,2.02,16.71,189.44,-6.28,-1.06,2.02,16.71,189.44,7.02,2.77,354.86,154786.0,4440.0,0.0,0.0,0.0,136.9025,0,,0.9449592056813212,0.2917131200099996,1.0272,-0.54,True,False,False,False,False,False,False,False,True,False,False,False,False,88.79508196721312,16,0,5.8e-07,8.98711111111111,79.31111111111112,1018.6444444444444,5.567589724444445,48.25555555555555
train_a,-6.39,-0.55,2.0,16.48,185.11,-6.39,-0.55,2.0,16.48,185.11,7.04,1.37,342.08,53098.0,4500.0,0.0,0.0,0.0,136.9025,0,,0.9524309062329988,0.1340719824169984,1.04,-0.54,True,False,False,False,False,False,False,False,True,False,False,False,False,88.79508196721312,16,0,5.8e-07,8.98711111111111,79.31111111111112,1018.6444444444444,5.567589724444445,48.25555555555555
train_a,-6.41,1.39,0.5,4.21,168.6,-6.41,1.39,0.5,4.21,168.6,6.97,1.34,343.04,56439.0,4560.0,0.0,0.0,0.0,136.9025,0,,1.3115709648070757,0.1318731628675072,1.0329870129870131,-0.54,True,False,False,False,False,False,False,False,True,False,False,False,False,88.79508196721312,16,0,5.8e-07,8.98711111111111,79.31111111111112,1018.6444444444444,5.567589724444445,48.25555555555555
train_a,-6.37,2.05,-0.05,-0.15,163.1,-6.37,2.05,-0.05,-0.15,163.1,6.98,0.56,344.19,49362.0,4620.0,0.0,0.0,0.0,136.9025,0,,1.4356020191300554,0.0554812989508008,1.019102564102564,-0.54,True,False,False,False,False,False,False,False,True,False,False,False,False,88.79508196721312,16,0,5.8e-07,8.98711111111111,79.31111111111112,1018.6444444444444,5.567589724444445,48.25555555555555
train_a,-6.42,1.95,-0.07,-0.25,164.06,-6.42,1.95,-0.07,-0.25,164.06,7.03,0.56,344.96,62127.0,4680.0,0.0,0.0,0.0,136.9025,0,,1.4370404098689729,0.0557298150965248,1.0053164556962026,-0.54,True,False,False,False,False,False,False,False,True,False,False,False,False,88.79508196721312,16,0,5.8e-07,8.98711111111111,79.31111111111112,1018.6444444444444,5.567589724444445,48.25555555555555
train_a,-6.39,1.94,-0.09,-0.39,164.07,-6.39,1.94,-0.09,-0.39,164.07,6.98,0.61,345.36,46854.0,4740.0,0.0,0.0,0.0,136.9025,0,,1.4245659662632326,0.0608465562107327,0.991625,-0.54,True,False,False,False,False,False,False,False,True,False,False,False,False,88.79508196721312,16,0,5.8e-07,8.98711111111111,79.31111111111112,1018.6444444444444,5.567589724444445,48.25555555555555
train_a,-6.5,1.75,0.13,1.37,165.91,-6.5,1.75,0.13,1.37,165.91,7.05,0.18,322.23,33778.5,4800.0,0.0,0.0,0.0,136.9025,0,,1.423346001688861,0.0156302723153285,0.9809876543209876,-0.54,True,False,False,False,False,False,False,False,True,False,False,False,False,88.79508196721312,16,0,5.8e-07,8.98711111111111,79.31111111111112,1018.6444444444444,5.567589724444445,48.25555555555555
train_a,-6.5,1.78,0.44,3.75,165.59,-6.5,1.78,0.44,3.75,165.59,7.06,0.36,319.14,20703.0,4860.0,0.0,0.0,0.0,136.9025,0,,1.3406290550027582,0.0306638780426928,0.9743902439024392,-0.54,True,False,False,False,False,False,False,False,True,False,False,False,False,88.79508196721312,16,0,5.8e-07,8.98711111111111,79.31111111111112,1018.6444444444444,5.567589724444445,48.25555555555555
train_a,-6.55,1.66,0.46,3.98,166.72,-6.55,1.66,0.46,3.98,166.72,7.06,0.65,343.16,61468.0,4920.0,0.0,0.0,0.0,136.9025,0,,1.3352648628480002,0.064013087058232,0.9681927710843372,-0.54,True,False,False,False,False,False,False,False,True,False,False,False,False,88.79508196721312,16,0,5.8e-07,8.98711111111111,79.31111111111112,1018.6444444444444,5.567589724444445,48.25555555555555
train_a,-6.65,1.25,0.67,5.58,170.1,-6.65,1.25,0.67,5.58,170.1,7.08,0.65,343.16,61468.0,4980.0,0.0,0.0,0.0,136.9025,0,,1.282382539880258,0.064013087058232,0.9646428571428572,-0.54,True,False,False,False,False,False,False,False,True,False,False,False,False,88.79508196721312,16,0,5.8e-07,8.98711111111111,79.31111111111112,1018.6444444444444,5.567589724444445,48.25555555555555
train_a,-6.59,0.52,1.51,12.36,176.08,-6.59,0.52,1.51,12.36,176.08,7.08,0.76,339.52,52514.0,5040.0,0.0,0.0,0.0,136.9025,0,,1.0711591339599085,0.0732666633162752,0.971058823529412,-0.54,True,False,False,False,False,False,False,False,True,False,False,False,False,88.79508196721312,16,0,5.8e-07,8.98711111111111,79.31111111111112,1018.6444444444444,5.567589724444445,48.25555555555555
train_a,-6.55,0.52,1.66,13.6,176.08,-6.55,0.52,1.66,13.6,176.08,7.08,0.44,326.57,15461.0,5100.0,0.0,0.0,0.0,136.9025,0,,1.0357791436804726,0.0392434649401828,0.9790697674418604,-0.54,True,False,False,False,False,False,False,False,True,False,False,False,False,88.79508196721312,16,0,5.8e-07,8.98711111111111,79.31111111111112,1018.6444444444444,5.567589724444445,48.25555555555555
train_a,-6.58,0.49,1.66,13.57,176.28,-6.58,0.49,1.66,13.57,176.28,7.09,0.45,319.16,23594.0,5160.0,0.0,0.0,0.0,136.9025,0,,1.0373009808127245,0.038334651845976,0.986896551724138,-0.54,True,False,False,False,False,False,False,False,True,False,False,False,False,88.79508196721312,16,0,5.8e-07,8.98711111111111,79.31111111111112,1018.6444444444444,5.567589724444445,48.25555555555555
train_a,-6.62,0.26,1.73,14.05,178.28,-6.62,0.26,1.73,14.05,178.28,7.13,1.01,336.19,51918.0,5220.0,0.0,0.0,0.0,136.9025,0,,1.0271472517484297,0.0954669511121742,0.9953409090909092,-0.54,True,False,False,False,False,False,False,False,True,False,False,False,False,88.79508196721312,16,0,5.8e-07,8.98711111111111,79.31111111111112,1018.6444444444444,5.567589724444445,48.25555555555555
train_a,-6.58,0.31,1.78,14.45,177.88,-6.58,0.31,1.78,14.45,177.88,7.13,0.91,340.91,28060.0,5280.0,0.0,0.0,0.0,136.9025,0,,1.015657475927123,0.0884469722318273,1.0041573033707865,-0.54,True,False,False,False,False,False,False,False,True,False,False,False,False,88.79508196721312,16,0,5.8e-07,8.98711111111111,79.31111111111112,1018.6444444444444,5.567589724444445,48.25555555555555
train_a,-6.72,1.13,0.92,7.49,171.22,-6.72,1.13,0.92,7.49,171.22,7.17,0.1,299.38,25657.85714285714,5340.0,0.0,0.0,0.0,136.9025,0,,1.2306839923117974,0.007495621787372,1.0032222222222222,-0.54,True,False,False,False,False,False,False,False,True,False,False,False,False,88.79508196721312,16,0,5.8e-07,8.98711111111111,79.31111111111112,1018.6444444444444,5.567589724444445,48.25555555555555
train_a,-6.83,0.74,1.21,9.7,174.37,-6.83,0.74,1.21,9.7,174.37,7.25,0.08,308.74,23255.714285714286,5400.0,0.0,0.0,0.0,136.9025,0,,1.169582759572756,0.0063773152119904,1.0054945054945057,-0.54,True,False,False,False,False,False,False,False,True,False,False,False,False,88.79508196721312,16,0,5.8e-07,8.98711111111111,79.31111111111112,1018.6444444444444,5.567589724444445,48.25555555555555
train_a,-6.8,0.93,1.12,9.06,172.85,-6.8,0.93,1.12,9.06,172.85,7.25,0.15,305.52,20853.571428571428,5460.0,0.0,0.0,0.0,136.9025,0,,1.1919393765374136,0.0117093461993279,1.0067391304347826,-0.54,True,False,False,False,False,False,False,False,True,False,False,False,False,88.79508196721312,16,0,5.8e-07,8.98711111111111,79.31111111111112,1018.6444444444444,5.567589724444445,48.25555555555555
train_a,-6.86,0.96,1.07,8.61,172.74,-6.86,0.96,1.07,8.61,172.74,7.29,0.145,305.535,18451.42857142857,5520.0,0.0,0.0,0.0,136.9025,0,,1.2103670197224825,0.0113201461393702,1.0074193548387096,-0.54,True,False,False,False,False,False,False,False,True,False,False,False,False,88.79508196721312,16,0,5.8e-07,8.98711111111111,79.31111111111112,1018.6444444444444,5.567589724444445,48.25555555555555
train_a,-6.81,1.12,0.96,7.75,171.41,-6.81,1.12,0.96,7.75,171.41,7.25,0.14,305.55,16049.285714285714,5580.0,0.0,0.0,0.0,136.9025,0,,1.2322524086803193,0.010930869478305,1.0069148936170214,-0.54,True,False,False,False,False,False,False,False,True,False,False,False,False,88.79508196721312,16,0,5.8e-07,8.98711111111111,79.31111111111112,1018.6444444444444,5.567589724444445,48.25555555555555
train_a,-6.83,1.04,0.97,7.8,172.06,-6.83,1.04,0.97,7.8,172.06,7.28,0.215,308.625,13647.142857142857,5640.0,0.0,0.0,0.0,136.9025,0,,1.2341200619501698,0.0171262690566328,1.0065263157894735,-0.54,True,False,False,False,False,False,False,False,True,False,False,False,False,88.79508196721312,16,0,5.8e-07,8.98711111111111,79.31111111111112,1018.6444444444444,5.567589724444445,48.25555555555555
train_a,-6.75,1.07,1.34,10.8,171.72,-6.75,1.07,1.34,10.8,171.72,7.24,0.29,311.7,11245.0,5700.0,0.0,0.0,0.0,136.9025,0,,1.1362198297344994,0.02356316906103,1.01,-0.54,True,False,False,False,False,False,False,False,True,False,False,False,False,88.79508196721312,16,0,5.8e-07,8.98711111111111,79.31111111111112,1018.6444444444444,5.567589724444445,48.25555555555555
train_a,-5.84,-0.36,0.53,7.12,182.32,-5.84,-0.36,0.53,7.12,182.32,8.42,0.385,315.875,12417.5,5760.0,0.0,0.0,0.0,136.9025,0,,1.5063689935146087,0.0321257544943671,1.0050515463917524,-0.54,True,False,False,False,False,False,False,False,True,False,False,False,False,88.79508196721312,16,0,5.8e-07,8.98711111111111,79.31111111111112,1018.6444444444444,5.567589724444445,48.25555555555555
train_a,-6.75,1.44,1.09,8.79,168.71,-6.75,1.44,1.09,8.79,168.71,7.25,0.48,320.05,13590.0,5820.0,0.0,0.0,0.0,136.9025,0,,1.1994435842558782,0.04111866417156,1.0059183673469387,-0.54,True,False,False,False,False,False,False,False,True,False,False,False,False,88.79508196721312,16,0,5.8e-07,8.98711111111111,79.31111111111112,1018.6444444444444,5.567589724444445,48.25555555555555
train_a,-6.75,1.65,0.75,6.12,167.07,-6.75,1.65,0.75,6.12,167.07,7.29,0.39,322.0,22831.0,5880.0,0.0,0.0,0.0,136.9025,0,,1.2919938947630003,0.033817262388,1.0033333333333334,-0.54,True,False,False,False,False,False,False,False,True,False,False,False,False,88.79508196721312,16,0,5.8e-07,8.98711111111111,79.31111111111112,1018.6444444444444,5.567589724444445,48.25555555555555
train_a,-6.8,1.8,0.61,4.98,166.07,-6.8,1.8,0.61,4.98,166.07,7.36,0.39,322.0,22831.0,5940.0,0.0,0.0,0.0,136.9025,0,,1.3385210062433,0.033817262388,0.9994,-0.54,True,False,False,False,False,False,False,False,True,False,False,False,False,88.79508196721312,16,0,5.8e-07,8.98711111111111,79.31111111111112,1018.6444444444444,5.567589724444445,48.25555555555555
train_a,-6.83,1.53,0.86,6.93,168.27,-6.83,1.53,0.86,6.93,168.27,7.38,0.34,321.27,12436.0,6000.0,0.0,0.0,0.0,136.9025,0,,1.2767296664922283,0.0293481925928118,0.998019801980198,-0.54,True,False,False,False,False,False,False,False,True,False,False,False,False,88.79508196721312,16,0,5.8e-07,8.98711111111111,79.31111111111112,1018.6444444444444,5.567589724444445,48.25555555555555
train_a,-6.71,1.94,0.38,3.22,164.79,-6.71,1.94,0.38,3.22,164.79,7.3,0.41,315.73,21229.0,6060.0,0.0,0.0,0.0,136.9025,0,,1.390792908649339,0.0341804402890507,0.9919607843137256,-0.54,True,False,False,False,False,False,False,False,True,False,False,False,False,88.79508196721312,16,0,5.8e-07,8.98711111111111,79.31111111111112,1018.6444444444444,5.567589724444445,48.25555555555555
train_a,-6.73,2.13,0.43,3.54,163.37,-6.73,2.13,0.43,3.54,163.37,7.35,0.22,321.3,14168.0,6120.0,0.0,0.0,0.0,136.9025,0,,1.3845370176989986,0.01899355368834,0.986504854368932,-0.54,True,False,False,False,False,False,False,False,True,False,False,False,False,88.79508196721312,16,0,5.8e-07,8.98711111111111,79.31111111111112,1018.6444444444444,5.567589724444445,48.25555555555555
train_a,-6.7,2.0,0.5,4.18,164.28,-6.7,2.0,0.5,4.18,164.28,7.31,0.22,319.32,14019.0,6180.0,0.0,0.0,0.0,136.9025,0,,1.3603278316352263,0.0187601807679264,0.9818269230769232,-0.54,True,False,False,False,False,False,False,False,True,False,False,False,False,88.79508196721312,16,0,5.8e-07,8.98711111111111,79.31111111111112,1018.6444444444444,5.567589724444445,48.25555555555555
train_a,-6.72,1.93,0.85,6.92,164.85,-6.72,1.93,0.85,6.92,164.85,7.33,0.27,321.95,13870.0,6240.0,0.0,0.0,0.0,136.9025,0,,1.272026024574478,0.0234046806563025,0.9805714285714284,-0.54,True,False,False,False,False,False,False,False,True,False,False,False,False,88.79508196721312,16,0,5.8e-07,8.98711111111111,79.31111111111112,1018.6444444444444,5.567589724444445,48.25555555555555
train_a,-6.96,1.38,1.01,7.96,169.58,-6.96,1.38,1.01,7.96,169.58,7.47,0.22,314.01,12878.5,6300.0,0.0,0.0,0.0,136.9025,0,,1.2518106825352118,0.0181414391064786,0.9808490566037736,-0.54,True,False,False,False,False,False,False,False,True,False,False,False,False,88.79508196721312,16,0,5.8e-07,8.98711111111111,79.31111111111112,1018.6444444444444,5.567589724444445,48.25555555555555
train_a,-6.98,1.56,0.71,5.6,168.16,-6.98,1.56,0.71,5.6,168.16,7.49,0.39,321.88,11887.0,6360.0,0.0,0.0,0.0,136.9025,0,,1.3311148394649088,0.0337920616717008,0.978317757009346,-0.54,True,False,False,False,False,False,False,False,True,False,False,False,False,88.79508196721312,16,0,5.8e-07,8.98711111111111,79.31111111111112,1018.6444444444444,5.567589724444445,48.25555555555555
train_a,-7.06,1.4,0.57,4.55,169.5,-7.06,1.4,0.57,4.55,169.5,7.51,0.33,310.77,14432.0,6420.0,0.0,0.0,0.0,136.9025,0,,1.3702999459399583,0.0266534979025491,0.9745370370370372,-0.54,True,False,False,False,False,False,False,False,True,False,False,False,False,88.79508196721312,16,0,5.8e-07,8.98711111111111,79.31111111111112,1018.6444444444444,5.567589724444445,48.25555555555555
train_a,-6.97,1.86,-0.2,-1.32,165.81,-6.97,1.86,-0.2,-1.32,165.81,7.49,0.64,321.06,16977.0,6480.0,0.0,0.0,0.0,136.9025,0,,1.4653715187857876,0.0551714595754752,0.9637614678899082,-0.54,True,False,False,False,False,False,False,False,True,False,False,False,False,88.79508196721312,16,0,5.8e-07,8.98711111111111,79.31111111111112,1018.6444444444444,5.567589724444445,48.25555555555555
train_a,-7.13,1.34,0.51,3.95,170.05,-7.13,1.34,0.51,3.95,170.05,7.61,0.34,317.86,14195.0,6540.0,0.0,0.0,0.0,136.9025,0,,1.4000419125678918,0.0287284881694232,0.9596363636363636,-0.54,True,False,False,False,False,False,False,False,True,False,False,False,False,88.79508196721312,16,0,5.8e-07,8.98711111111111,79.31111111111112,1018.6444444444444,5.567589724444445,48.25555555555555
train_a,-7.26,1.05,1.37,10.27,172.41,-7.26,1.05,1.37,10.27,172.41,7.74,0.17,308.9,26577.5,6600.0,0.0,0.0,0.0,136.9025,0,,1.202878072055181,0.01356584450491,0.9633333333333334,-0.54,True,False,False,False,False,False,False,False,True,False,False,False,False,88.79508196721312,16,0,5.8e-07,8.98711111111111,79.31111111111112,1018.6444444444444,5.567589724444445,48.25555555555555
train_a,-7.31,0.64,1.47,11.01,175.52,-7.31,0.64,1.47,11.01,175.52,7.75,1.09,338.78,38960.0,6660.0,0.0,0.0,0.0,136.9025,0,,1.1805231607668447,0.1046222659931228,0.9678571428571427,-0.54,True,False,False,False,False,False,False,False,True,False,False,False,False,88.79508196721312,16,0,5.8e-07,8.98711111111111,79.31111111111112,1018.6444444444444,5.567589724444445,48.25555555555555
train_a,-7.23,0.48,1.87,13.99,176.67,-7.23,0.48,1.87,13.99,176.67,7.75,1.82,336.01,60761.0,6720.0,0.0,0.0,0.0,136.9025,0,,1.0882036331340967,0.1718453915717266,0.9758407079646018,-0.54,True,False,False,False,False,False,False,False,True,False,False,False,False,88.79508196721312,16,0,5.8e-07,8.98711111111111,79.31111111111112,1018.6444444444444,5.567589724444445,48.25555555555555
train_a,-7.19,0.61,1.94,14.48,175.68,-7.19,0.61,1.94,14.48,175.68,7.75,1.93,336.47,46685.0,6780.0,0.0,0.0,0.0,136.9025,0,,1.0725531292409611,0.1827309458041931,0.984298245614035,-0.54,True,False,False,False,False,False,False,False,True,False,False,False,False,88.79508196721312,16,0,5.8e-07,8.98711111111111,79.31111111111112,1018.6444444444444,5.567589724444445,48.25555555555555
train_a,-7.12,0.67,2.28,17.0,175.28,-7.12,0.67,2.28,17.0,175.28,7.81,1.11,339.59,46071.0,6840.0,0.0,0.0,0.0,136.9025,0,,1.00766022210925,0.1070520187576533,0.9955652173913044,-0.54,True,False,False,False,False,False,False,False,True,False,False,False,False,88.79508196721312,16,0,5.8e-07,8.98711111111111,79.31111111111112,1018.6444444444444,5.567589724444445,48.25555555555555
train_a,-7.07,0.77,2.55,18.96,174.41,-7.07,0.77,2.55,18.96,174.41,7.85,1.11,339.59,46071.0,6900.0,0.0,0.0,0.0,136.9025,0,,0.9576785081535812,0.1070520187576533,1.0089655172413794,-0.54,True,False,False,False,False,False,False,False,True,False,False,False,False,88.79508196721312,16,0,5.8e-07,8.98711111111111,79.31111111111112,1018.6444444444444,5.567589724444445,48.25555555555555
train_a,-7.09,0.73,2.5,18.63,174.6,-7.09,0.73,2.5,18.63,174.6,7.8,1.38,340.95,44312.0,6960.0,0.0,0.0,0.0,136.9025,0,,0.9604774171611312,0.1341598526938349,1.0217094017094015,-0.54,True,False,False,False,False,False,False,False,True,False,False,False,False,88.79508196721312,16,0,5.8e-07,8.98711111111111,79.31111111111112,1018.6444444444444,5.567589724444445,48.25555555555555
train_a,-7.09,0.89,2.54,18.84,173.43,-7.09,0.89,2.54,18.84,173.43,7.83,1.82,337.99,39785.0,7020.0,0.0,0.0,0.0,136.9025,0,,0.9567613951226892,0.1738766190900466,1.0345762711864406,-0.54,True,False,False,False,False,False,False,False,True,False,False,False,False,88.79508196721312,16,0,5.8e-07,8.98711111111111,79.31111111111112,1018.6444444444444,5.567589724444445,48.25555555555555
train_a,-7.14,0.85,2.34,17.37,173.87,-7.14,0.85,2.34,17.37,173.87,7.85,1.42,338.93,58758.0,7080.0,0.0,0.0,0.0,136.9025,0,,1.0009374666336144,0.1364176187518153,1.045546218487395,-0.54,True,False,False,False,False,False,False,False,True,False,False,False,False,88.79508196721312,16,0,5.8e-07,8.98711111111111,79.31111111111112,1018.6444444444444,5.567589724444445,48.25555555555555
train_a,-7.21,0.82,2.17,16.07,174.12,-7.21,0.82,2.17,16.07,174.12,7.85,0.99,340.34,37009.0,7140.0,0.0,0.0,0.0,136.9025,0,,1.0370193432910744,0.0959010319439171,1.0549166666666667,-0.54,True,False,False,False,False,False,False,False,True,False,False,False,False,88.79508196721312,16,0,5.8e-07,8.98711111111111,79.31111111111112,1018.6444444444444,5.567589724444445,48.25555555555555
train_a,-7.22,0.82,2.02,15.01,174.17,-7.22,0.82,2.02,15.01,174.17,7.84,1.27,336.55,44423.0,7200.0,0.0,0.0,0.0,136.9025,0,,1.068156277399697,0.1202998283111525,1.0628925619834713,-0.54,True,False,False,False,False,False,True,False,True,False,False,False,False,88.79508196721312,16,0,5.8e-07,8.98711111111111,79.31111111111112,1018.6444444444444,5.567589724444445,48.25555555555555
train_a,-7.17,0.99,2.1,15.62,172.7,-7.17,0.99,2.1,15.62,172.7,7.82,1.39,335.73,50598.0,7260.0,0.0,0.0,0.0,136.9025,0,,1.047721436379214,0.1310259140170352,1.0713934426229508,-0.54,True,False,False,False,False,False,False,False,True,False,False,False,False,88.79508196721312,16,0,5.8e-07,8.98711111111111,79.31111111111112,1018.6444444444444,5.567589724444445,48.25555555555555
train_a,-7.19,1.0,2.08,15.49,172.69,-7.19,1.0,2.08,15.49,172.69,7.82,0.85,337.33,42121.0,7320.0,0.0,0.0,0.0,136.9025,0,,1.0520733089229075,0.0808892772762095,1.0795934959349591,-0.54,True,False,False,False,False,False,False,False,True,False,False,False,False,88.79508196721312,16,0,5.8e-07,8.98711111111111,79.31111111111112,1018.6444444444444,5.567589724444445,48.25555555555555
train_a,-7.18,0.77,2.17,16.16,174.42,-7.18,0.77,2.17,16.16,174.42,7.8,0.96,338.16,39013.0,7380.0,0.0,0.0,0.0,136.9025,0,,1.029636206253874,0.0918074235045888,1.0883870967741935,-0.54,True,False,False,False,False,False,False,False,True,False,False,False,False,88.79508196721312,16,0,5.8e-07,8.98711111111111,79.31111111111112,1018.6444444444444,5.567589724444445,48.25555555555555
train_a,-7.16,0.69,2.34,17.33,175.05,-7.16,0.69,2.34,17.33,175.05,7.85,1.81,340.4,79217.0,7440.0,0.0,0.0,0.0,136.9025,0,,1.0009374666336144,0.17539603620848,1.0984,-0.54,True,False,False,False,False,False,False,False,True,False,False,False,False,88.79508196721312,16,0,5.8e-07,8.98711111111111,79.31111111111112,1018.6444444444444,5.567589724444445,48.25555555555555
train_a,-7.08,1.06,2.28,16.94,172.31,-7.08,1.06,2.28,16.94,172.31,7.83,1.3,334.17,45573.0,7500.0,0.0,0.0,0.0,136.9025,0,,1.010613658476451,0.121406060356191,1.107777777777778,-0.54,True,False,False,False,False,False,False,False,True,False,False,False,False,88.79508196721312,16,0,5.8e-07,8.98711111111111,79.31111111111112,1018.6444444444444,5.567589724444445,48.25555555555555
train_a,-7.14,1.08,2.2,16.32,172.07,-7.14,1.08,2.2,16.32,172.07,7.82,0.81,343.03,46598.0,7560.0,0.0,0.0,0.0,136.9025,0,,1.026155628089467,0.0797097271104027,1.1163779527559057,-0.54,True,False,False,False,False,False,False,False,True,False,False,False,False,88.79508196721312,16,0,5.8e-07,8.98711111111111,79.31111111111112,1018.6444444444444,5.567589724444445,48.25555555555555
train_a,-7.31,0.55,1.78,13.15,176.23,-7.31,0.55,1.78,13.15,176.23,7.82,1.53,332.83,47461.0,7620.0,0.0,0.0,0.0,136.9025,0,,1.11886724948193,0.141741967744097,1.1215625,-0.54,True,False,False,False,False,False,False,False,True,False,False,False,False,88.79508196721312,16,0,5.8e-07,8.98711111111111,79.31111111111112,1018.6444444444444,5.567589724444445,48.25555555555555
train_a,-7.32,0.73,1.56,11.64,174.79,-7.32,0.73,1.56,11.64,174.79,7.77,1.25,333.61,48817.0,7680.0,0.0,0.0,0.0,136.9025,0,,1.1622701984202048,0.1163456714065375,1.1249612403100775,-0.54,True,False,False,False,False,False,False,False,True,False,False,False,False,88.79508196721312,16,0,5.8e-07,8.98711111111111,79.31111111111112,1018.6444444444444,5.567589724444445,48.25555555555555
train_a,-7.31,0.74,1.75,13.0,174.76,-7.31,0.74,1.75,13.0,174.76,7.84,1.12,337.76,51930.5,7740.0,0.0,0.0,0.0,136.9025,0,,1.1286391583926747,0.1068554189459456,1.1297692307692309,-0.54,True,False,False,False,False,False,False,False,True,False,False,False,False,88.79508196721312,16,0,5.8e-07,8.98711111111111,79.31111111111112,1018.6444444444444,5.567589724444445,48.25555555555555
train_a,-7.28,0.8,2.03,14.97,174.24,-7.28,0.8,2.03,14.97,174.24,7.87,0.99,341.91,55044.0,7800.0,0.0,0.0,0.0,136.9025,0,,1.0703811000090817,0.0967878621725697,1.1366412213740458,-0.54,True,False,False,False,False,False,False,False,True,False,False,False,False,88.79508196721312,16,0,5.8e-07,8.98711111111111,79.31111111111112,1018.6444444444444,5.567589724444445,48.25555555555555
train_a,-7.19,0.89,2.31,17.05,173.62,-7.19,0.89,2.31,17.05,173.62,7.89,0.99,341.91,55044.0,7860.0,0.0,0.0,0.0,136.9025,0,,1.0131302650007212,0.0967878621725697,1.145530303030303,-0.54,True,False,False,False,False,False,False,False,True,False,False,False,False,88.79508196721312,16,0,5.8e-07,8.98711111111111,79.31111111111112,1018.6444444444444,5.567589724444445,48.25555555555555
train_a,-7.2,0.89,2.37,17.46,173.56,-7.2,0.89,2.37,17.46,173.56,7.91,1.32,335.52,58140.0,7920.0,0.0,0.0,0.0,136.9025,0,,1.0035024923038434,0.1242718759332864,1.1547368421052633,-0.54,True,False,False,False,False,False,False,False,True,False,False,False,False,88.79508196721312,16,0,5.8e-07,8.98711111111111,79.31111111111112,1018.6444444444444,5.567589724444445,48.25555555555555
train_a,-7.2,0.95,2.38,17.51,173.19,-7.2,0.95,2.38,17.51,173.19,7.92,1.18,343.41,51788.0,7980.0,0.0,0.0,0.0,136.9025,0,,1.0028889002571633,0.1163777560836353,1.1638805970149255,-0.54,True,False,False,False,False,False,False,False,True,False,False,False,False,88.79508196721312,16,0,5.8e-07,8.98711111111111,79.31111111111112,1018.6444444444444,5.567589724444445,48.25555555555555
train_a,-7.2,0.85,2.31,16.95,173.93,-7.2,0.85,2.31,16.95,173.93,7.9,0.92,342.81,46601.0,8040.0,0.0,0.0,0.0,136.9025,0,,1.0146022441111322,0.0904184147045556,1.1723703703703705,-0.54,True,False,False,False,False,False,False,False,True,False,False,False,False,88.79508196721312,16,0,5.8e-07,8.98711111111111,79.31111111111112,1018.6444444444444,5.567589724444445,48.25555555555555
train_a,-7.13,0.96,2.37,17.5,173.05,-7.13,0.96,2.37,17.5,173.05,7.86,1.62,340.37,68478.0,8100.0,0.0,0.0,0.0,136.9025,0,,0.9961420717864468,0.1569566282625414,1.1811764705882353,-0.54,True,False,False,False,False,False,False,False,True,False,False,False,False,88.79508196721312,16,0,5.8e-07,8.98711111111111,79.31111111111112,1018.6444444444444,5.567589724444445,48.25555555555555
train_a,-7.17,1.1,2.28,16.84,171.88,-7.17,1.1,2.28,16.84,171.88,7.87,0.51,312.86,67051.75,8160.0,0.0,0.0,0.0,136.9025,0,,1.0165131865914523,0.0417476808573348,1.189197080291971,-0.54,True,False,False,False,False,False,False,False,True,False,False,False,False,88.79508196721312,16,0,5.8e-07,8.98711111111111,79.31111111111112,1018.6444444444444,5.567589724444445,48.25555555555555
train_a,-7.14,1.28,2.33,17.2,170.59,-7.14,1.28,2.33,17.2,170.59,7.89,0.49,313.81,65625.5,8220.0,0.0,0.0,0.0,136.9025,0,,1.008927168550564,0.0403544780604707,1.197463768115942,-0.54,True,False,False,False,False,False,False,False,True,False,False,False,False,88.79508196721312,16,0,5.8e-07,8.98711111111111,79.31111111111112,1018.6444444444444,5.567589724444445,48.25555555555555
train_a,-7.16,1.19,2.18,16.09,171.33,-7.16,1.19,2.18,16.09,171.33,7.87,0.26,314.04,64199.25,8280.0,0.0,0.0,0.0,136.9025,0,,1.0378197598716163,0.0214439794384608,1.2045323741007194,-0.54,True,False,False,False,False,False,False,False,True,False,False,False,False,88.79508196721312,16,0,5.8e-07,8.98711111111111,79.31111111111112,1018.6444444444444,5.567589724444445,48.25555555555555
train_a,-7.13,1.23,2.2,16.34,170.95,-7.13,1.23,2.2,16.34,170.95,7.83,0.33,314.95,62773.0,8340.0,0.0,0.0,0.0,136.9025,0,,1.0276322761432477,0.0273753236264475,1.211642857142857,-0.54,True,False,False,False,False,False,False,False,True,False,False,False,False,88.79508196721312,16,0,5.8e-07,8.98711111111111,79.31111111111112,1018.6444444444444,5.567589724444445,48.25555555555555
train_a,-7.14,0.99,2.25,16.67,172.88,-7.14,0.99,2.25,16.67,172.88,7.85,0.28,313.8,61346.75,8400.0,0.0,0.0,0.0,136.9025,0,,1.019922385596268,0.02305823211216,1.2190070921985816,-0.54,True,False,False,False,False,False,False,False,True,False,False,False,False,88.79508196721312,16,0,5.8e-07,8.98711111111111,79.31111111111112,1018.6444444444444,5.567589724444445,48.25555555555555
train_a,-7.18,1.07,2.4,17.67,172.12,-7.18,1.07,2.4,17.67,172.12,7.92,0.255,314.495,59920.5,8460.0,0.0,0.0,0.0,136.9025,0,,0.9987308614796274,0.0210925830427639,1.2273239436619718,-0.54,True,False,False,False,False,False,False,False,True,False,False,False,False,88.79508196721312,16,0,5.8e-07,8.98711111111111,79.31111111111112,1018.6444444444444,5.567589724444445,48.25555555555555
train_a,-7.05,1.47,2.36,17.61,168.94,-7.05,1.47,2.36,17.61,168.94,7.83,0.23,315.19,58494.25,8520.0,0.0,0.0,0.0,136.9025,0,,0.9938049547285888,0.0191088606440988,1.2352447552447552,-0.54,True,False,False,False,False,False,False,False,True,False,False,False,False,88.79508196721312,16,0,5.8e-07,8.98711111111111,79.31111111111112,1018.6444444444444,5.567589724444445,48.25555555555555
train_a,-7.28,0.74,2.07,15.22,174.72,-7.28,0.74,2.07,15.22,174.72,7.88,1.72,335.86,57068.0,8580.0,0.0,0.0,0.0,136.9025,0,,1.0631010419368006,0.1622583707904656,1.2410416666666668,-0.54,True,False,False,False,False,False,False,False,True,False,False,False,False,88.79508196721312,16,0,5.8e-07,8.98711111111111,79.31111111111112,1018.6444444444444,5.567589724444445,48.25555555555555
train_a,-7.32,0.56,1.96,14.4,176.09,-7.32,0.56,1.96,14.4,176.09,7.87,1.78,332.64,46443.0,8640.0,0.0,0.0,0.0,136.9025,0,,1.085819738220767,0.1647142006777344,1.246,-0.54,True,False,False,False,False,False,False,False,True,False,False,False,False,88.79508196721312,16,0,5.8e-07,8.98711111111111,79.31111111111112,1018.6444444444444,5.567589724444445,48.25555555555555
train_a,-7.32,0.54,1.97,14.53,176.31,-7.32,0.54,1.97,14.53,176.31,7.87,0.27,315.04,53479.0,8700.0,0.0,0.0,0.0,136.9025,0,,1.0836048397967395,0.0224107947714816,1.250958904109589,-0.54,True,False,False,False,False,False,False,False,True,False,False,False,False,88.79508196721312,16,0,5.8e-07,8.98711111111111,79.31111111111112,1018.6444444444444,5.567589724444445,48.25555555555555
train_a,-7.26,0.73,2.06,15.29,174.75,-7.26,0.73,2.06,15.29,174.75,7.84,1.47,333.2,60515.0,8760.0,0.0,0.0,0.0,136.9025,0,,1.059389419387716,0.13648641198864,1.2564625850340134,-0.54,True,False,False,False,False,False,False,False,True,False,False,False,False,88.79508196721312,16,0,5.8e-07,8.98711111111111,79.31111111111112,1018.6444444444444,5.567589724444445,48.25555555555555
train_a,-7.33,0.67,2.03,14.95,175.25,-7.33,0.67,2.03,14.95,175.25,7.88,1.47,333.2,60515.0,8820.0,0.0,0.0,0.0,136.9025,0,,1.0718535554569717,0.13648641198864,1.261689189189189,-0.54,True,False,False,False,False,False,False,False,True,False,False,False,False,88.79508196721312,16,0,5.8e-07,8.98711111111111,79.31111111111112,1018.6444444444444,5.567589724444445,48.25555555555555
train_a,-7.33,0.65,2.0,14.71,175.43,-7.33,0.65,2.0,14.71,175.43,7.87,1.25,337.04999999999995,54213.5,8880.0,0.0,0.0,0.0,136.9025,0,,1.07697887118941,0.1187574251259374,1.2666442953020134,-0.54,True,False,False,False,False,False,False,False,True,False,False,False,False,88.79508196721312,16,0,5.8e-07,8.98711111111111,79.31111111111112,1018.6444444444444,5.567589724444445,48.25555555555555
train_a,-7.36,0.57,1.93,14.16,176.05,-7.36,0.57,1.93,14.16,176.05,7.89,1.03,340.9,47912.0,8940.0,0.0,0.0,0.0,136.9025,0,,1.0954243071066074,0.10010443619309,1.2710666666666666,-0.54,True,False,False,False,False,False,False,False,True,False,False,False,False,88.79508196721312,16,0,5.8e-07,8.98711111111111,79.31111111111112,1018.6444444444444,5.567589724444445,48.25555555555555
train_a,-7.34,0.58,1.88,13.88,175.95,-7.34,0.58,1.88,13.88,175.95,7.86,0.44,313.45,31124.0,9000.0,0.0,0.0,0.0,136.9025,0,,1.1021799036975644,0.03615358109473,1.2750993377483444,-0.54,True,False,False,False,False,False,False,False,True,False,False,False,False,88.79508196721312,16,0,5.8e-07,8.98711111111111,79.31111111111112,1018.6444444444444,5.567589724444445,48.25555555555555
train_a,-7.3,0.63,1.86,13.75,175.57,-7.3,0.63,1.86,13.75,175.57,7.83,0.63,309.32,14336.0,9060.0,0.0,0.0,0.0,136.9025,0,,1.1022542559284745,0.0504102265538256,1.2789473684210526,-0.54,True,False,False,False,False,False,False,False,True,False,False,False,False,88.79508196721312,16,0,5.8e-07,8.98711111111111,79.31111111111112,1018.6444444444444,5.567589724444445,48.25555555555555
train_a,-7.34,0.6,1.95,14.35,175.82,-7.34,0.6,1.95,14.35,175.82,7.88,1.5,330.23,57684.0,9120.0,0.0,0.0,0.0,136.9025,0,,1.0895090478844414,0.136800096870405,1.2833333333333332,-0.54,True,False,False,False,False,False,False,False,True,False,False,False,False,88.79508196721312,16,0,5.8e-07,8.98711111111111,79.31111111111112,1018.6444444444444,5.567589724444445,48.25555555555555
train_a,-7.34,0.5,1.99,14.67,176.6,-7.34,0.5,1.99,14.67,176.6,7.88,0.69,323.68,19763.0,9180.0,0.0,0.0,0.0,136.9025,0,,1.080656330914917,0.0604564884956927,1.287922077922078,-0.54,True,False,False,False,False,False,False,False,True,False,False,False,False,88.79508196721312,16,0,5.8e-07,8.98711111111111,79.31111111111112,1018.6444444444444,5.567589724444445,48.25555555555555
train_a,-7.21,0.47,2.09,15.54,176.83,-7.21,0.47,2.09,15.54,176.83,7.79,1.3,333.85,56582.0,9240.0,0.0,0.0,0.0,136.9025,0,,1.045463047277453,0.121173655663775,1.2930967741935484,-0.54,True,False,False,False,False,False,False,False,True,False,False,False,False,88.79508196721312,16,0,5.8e-07,8.98711111111111,79.31111111111112,1018.6444444444444,5.567589724444445,48.25555555555555
train_a,-7.25,0.6,2.04,15.12,175.8,-7.25,0.6,2.04,15.12,175.8,7.81,0.65,311.83,46073.5,9300.0,0.0,0.0,0.0,136.9025,0,,1.0593389808296838,0.0528580628322955,1.2978846153846153,-0.54,True,False,False,False,False,False,False,False,True,False,False,False,False,88.79508196721312,16,0,5.8e-07,8.98711111111111,79.31111111111112,1018.6444444444444,5.567589724444445,48.25555555555555
train_a,-7.28,0.57,2.08,15.36,175.97,-7.28,0.57,2.08,15.36,175.97,7.84,0.23,305.06,35565.0,9360.0,0.0,0.0,0.0,136.9025,0,,1.0550250653240356,0.0179003063908564,1.3028662420382169,-0.54,True,False,False,False,False,False,False,False,True,False,False,False,False,88.79508196721312,16,0,5.8e-07,8.98711111111111,79.31111111111112,1018.6444444444444,5.567589724444445,48.25555555555555
train_a,-7.32,0.48,2.03,14.98,176.7,-7.32,0.48,2.03,14.98,176.7,7.85,0.39,312.47,25056.5,9420.0,0.0,0.0,0.0,136.9025,0,,1.067434226089127,0.0318451543810412,1.3074683544303798,-0.54,True,False,False,False,False,False,False,False,True,False,False,False,False,88.79508196721312,16,0,5.8e-07,8.98711111111111,79.31111111111112,1018.6444444444444,5.567589724444445,48.25555555555555
train_a,-7.29,0.56,2.02,14.92,176.1,-7.29,0.56,2.02,14.92,176.1,7.84,0.75,310.76,14548.0,9480.0,0.0,0.0,0.0,136.9025,0,,1.068156277399697,0.06057223320516,1.3119496855345911,-0.54,True,False,False,False,False,False,False,False,True,False,False,False,False,88.79508196721312,16,0,5.8e-07,8.98711111111111,79.31111111111112,1018.6444444444444,5.567589724444445,48.25555555555555
train_a,-7.3,0.37,2.0,14.78,177.56,-7.3,0.37,2.0,14.78,177.56,7.85,0.31,312.81,34688.5,9540.0,0.0,0.0,0.0,136.9025,0,,1.0740327526948674,0.0253679309642133,1.31625,-0.54,True,False,False,False,False,False,False,False,True,False,False,False,False,88.79508196721312,16,0,5.8e-07,8.98711111111111,79.31111111111112,1018.6444444444444,5.567589724444445,48.25555555555555
train_a,-7.31,0.15,1.89,14.01,179.23,-7.31,0.15,1.89,14.01,179.23,7.83,0.89,338.24,54829.0,9600.0,0.0,0.0,0.0,136.9025,0,,1.0955235125600669,0.0851534081477632,1.3198136645962733,-0.54,True,False,False,False,False,False,False,False,True,False,False,False,False,88.79508196721312,16,0,5.8e-07,8.98711111111111,79.31111111111112,1018.6444444444444,5.567589724444445,48.25555555555555
train_a,-7.3,0.35,1.95,14.43,177.69,-7.3,0.35,1.95,14.43,177.69,7.83,1.54,332.52,57620.0,9660.0,0.0,0.0,0.0,136.9025,0,,1.082145890889532,0.1424027450992608,1.3237037037037036,-0.54,True,False,False,False,False,False,False,False,True,False,False,False,False,88.79508196721312,16,0,5.8e-07,8.98711111111111,79.31111111111112,1018.6444444444444,5.567589724444445,48.25555555555555
train_a,-7.3,0.41,2.05,15.16,177.19,-7.3,0.41,2.05,15.16,177.19,7.84,1.1166666666666667,325.41666666666663,46998.0,9720.0,0.0,0.0,0.0,136.9025,0,,1.0615763723235898,0.0988929275118634,1.328159509202454,-0.54,True,False,False,False,False,False,False,False,True,False,False,False,False,88.79508196721312,16,0,5.8e-07,8.98711111111111,79.31111111111112,1018.6444444444444,5.567589724444445,48.25555555555555
train_a,-7.23,0.69,2.17,16.04,175.08,-7.23,0.69,2.17,16.04,175.08,7.84,0.6933333333333334,318.31333333333333,36376.0,9780.0,0.0,0.0,0.0,136.9025,0,,1.0355439828201405,0.0587508072112523,1.3332926829268292,-0.54,True,False,False,False,False,False,False,False,True,False,False,False,False,88.79508196721312,16,0,5.8e-07,8.98711111111111,79.31111111111112,1018.6444444444444,5.567589724444445,48.25555555555555
train_a,-7.2,0.63,2.23,16.49,175.57,-7.2,0.63,2.23,16.49,175.57,7.83,0.27,311.21,25754.0,9840.0,0.0,0.0,0.0,136.9025,0,,1.021225812918949,0.0218692026054441,1.3387272727272723,-0.54,True,False,False,False,False,False,False,False,True,False,False,False,False,88.79508196721312,16,0,5.8e-07,8.98711111111111,79.31111111111112,1018.6444444444444,5.567589724444445,48.25555555555555
train_a,-7.12,0.69,2.34,17.4,175.14,-7.12,0.69,2.34,17.4,175.14,7.81,0.44,327.04,15132.0,9900.0,0.0,0.0,0.0,136.9025,0,,0.9950348415952232,0.0393565047242752,1.3447590361445785,-0.54,True,False,False,False,False,False,False,False,True,False,False,False,False,88.79508196721312,16,0,5.8e-07,8.98711111111111,79.31111111111112,1018.6444444444444,5.567589724444445,48.25555555555555
train_a,-7.18,0.68,2.34,17.36,175.18,-7.18,0.68,2.34,17.36,175.18,7.84,0.73,321.2,18586.0,9960.0,0.0,0.0,0.0,136.9025,0,,0.9994627100285538,0.0629848399505599,1.3507185628742515,-0.54,True,False,False,False,False,False,False,False,True,False,False,False,False,88.79508196721312,16,0,5.8e-07,8.98711111111111,79.31111111111112,1018.6444444444444,5.567589724444445,48.25555555555555
train_a,-7.39,0.42,1.98,14.48,177.18,-7.39,0.42,1.98,14.48,177.18,7.93,0.32,311.91,11052.0,10020.0,0.0,0.0,0.0,136.9025,0,,1.0902138569741875,0.0260357847571296,1.3544642857142857,-0.54,True,False,False,False,False,False,False,False,True,False,False,False,False,88.79508196721312,16,0,5.8e-07,8.98711111111111,79.31111111111112,1018.6444444444444,5.567589724444445,48.25555555555555
train_a,-7.27,0.37,2.14,15.83,177.47,-7.27,0.37,2.14,15.83,177.47,7.84,0.395,312.66,30319.33333333333,10080.0,0.0,0.0,0.0,136.9025,0,,1.042008749955592,0.0322926614472906,1.359112426035503,-0.54,True,False,False,False,False,False,False,False,True,False,False,False,False,88.79508196721312,16,0,5.8e-07,8.98711111111111,79.31111111111112,1018.6444444444444,5.567589724444445,48.25555555555555
train_a,-7.33,-0.04,1.82,13.44,180.6,-7.33,-0.04,1.82,13.44,180.6,7.82,0.47,313.41,49586.66666666666,10140.0,0.0,0.0,0.0,136.9025,0,,1.1097997805876194,0.038608742218814,1.3618235294117649,-0.54,True,False,False,False,False,False,False,False,True,False,False,False,False,88.79508196721312,16,0,5.8e-07,8.98711111111111,79.31111111111112,1018.6444444444444,5.567589724444445,48.25555555555555
train_a,-7.36,0.27,1.91,14.08,178.34,-7.36,0.27,1.91,14.08,178.34,7.86,1.45,331.55,68854.0,10200.0,0.0,0.0,0.0,136.9025,0,,1.0954695761232407,0.1332993904605875,1.3650292397660817,-0.54,True,False,False,False,False,False,False,False,True,False,False,False,False,88.79508196721312,16,0,5.8e-07,8.98711111111111,79.31111111111112,1018.6444444444444,5.567589724444445,48.25555555555555
train_a,-7.28,0.48,2.22,16.35,176.65,-7.28,0.48,2.22,16.35,176.65,7.88,1.6,334.06,63418.0,10260.0,0.0,0.0,0.0,136.9025,0,,1.0307318366477074,0.149324487543488,1.37,-0.54,True,False,False,False,False,False,False,False,True,False,False,False,False,88.79508196721312,16,0,5.8e-07,8.98711111111111,79.31111111111112,1018.6444444444444,5.567589724444445,48.25555555555555
train_a,-7.2,0.98,2.63,19.24,172.87,-7.2,0.98,2.63,19.24,172.87,7.98,1.385,337.185,62890.0,10320.0,0.0,0.0,0.0,136.9025,0,,0.9606391379415732,0.1316886552735739,1.3772832369942196,-0.54,True,False,False,False,False,False,False,False,True,False,False,False,False,88.79508196721312,16,0,5.8e-07,8.98711111111111,79.31111111111112,1018.6444444444444,5.567589724444445,48.25555555555555
train_a,-7.22,0.97,2.59,18.9,173.02,-7.22,0.97,2.59,18.9,173.02,8.0,1.17,340.31,62362.0,10380.0,0.0,0.0,0.0,136.9025,0,,0.9715968897424744,0.113317603317863,1.3842528735632182,-0.54,True,False,False,False,False,False,False,False,True,False,False,False,False,88.79508196721312,16,0,5.8e-07,8.98711111111111,79.31111111111112,1018.6444444444444,5.567589724444445,48.25555555555555
train_a,-7.15,1.04,2.74,20.03,172.47,-7.15,1.04,2.74,20.03,172.47,8.0,1.05,342.93,53958.0,10440.0,0.0,0.0,0.0,136.9025,0,,0.9417378207841992,0.1032671888554635,1.392,-0.54,True,False,False,False,False,False,False,False,True,False,False,False,False,88.79508196721312,16,0,5.8e-07,8.98711111111111,79.31111111111112,1018.6444444444444,5.567589724444445,48.25555555555555
train_a,-7.06,1.3,2.85,20.89,170.38,-7.06,1.3,2.85,20.89,170.38,7.99,0.875,344.73,52122.0,10500.0,0.0,0.0,0.0,136.9025,0,,0.9188560554766624,0.0869617575542362,1.4002840909090908,-0.54,True,False,False,False,False,False,False,False,True,False,False,False,False,88.79508196721312,16,0,5.8e-07,8.98711111111111,79.31111111111112,1018.6444444444444,5.567589724444445,48.25555555555555
train_a,-7.0,1.37,2.94,21.57,169.67,-7.0,1.37,2.94,21.57,169.67,7.97,0.7,346.53,50286.0,10560.0,0.0,0.0,0.0,136.9025,0,,0.8987217529041498,0.070297812973269,1.4089830508474577,-0.54,True,False,False,False,False,False,False,False,True,False,False,False,False,88.79508196721312,16,0,5.8e-07,8.98711111111111,79.31111111111112,1018.6444444444444,5.567589724444445,48.25555555555555
train_a,-7.06,1.38,3.0,21.94,169.72,-7.06,1.38,3.0,21.94,169.72,8.04,0.82,348.93,53329.0,10620.0,0.0,0.0,0.0,136.9025,0,,0.8975247449482905,0.0834934813994933,1.4179213483146067,-0.54,True,False,False,False,False,False,False,False,True,False,False,False,False,88.79508196721312,16,0,5.8e-07,8.98711111111111,79.31111111111112,1018.6444444444444,5.567589724444445,48.25555555555555
train_a,-6.99,1.39,3.05,22.34,169.65,-6.99,1.39,3.05,22.34,169.65,8.03,1.06,349.4,61211.0,10680.0,0.0,0.0,0.0,136.9025,0,,0.886711332408202,0.10822155337208,1.4270391061452514,-0.54,True,False,False,False,False,False,False,False,True,False,False,False,False,88.79508196721312,16,0,5.8e-07,8.98711111111111,79.31111111111112,1018.6444444444444,5.567589724444445,48.25555555555555
train_a,-6.96,1.42,3.16,23.09,169.39,-6.96,1.42,3.16,23.09,169.39,8.06,1.06,349.4,61211.0,10740.0,0.0,0.0,0.0,136.9025,0,,0.8707096587128894,0.10822155337208,1.4366666666666668,-0.54,True,False,False,False,False,False,False,False,True,False,False,False,False,88.79508196721312,16,0,5.8e-07,8.98711111111111,79.31111111111112,1018.6444444444444,5.567589724444445,48.25555555555555
train_a,-6.83,1.33,3.32,24.42,170.0,-6.83,1.33,3.32,24.42,170.0,8.02,0.77,352.57,45112.0,10800.0,0.0,0.0,0.0,136.9025,0,,0.8361236938644919,0.0800467185809599,1.4481666666666668,-0.54,True,False,False,False,False,False,True,False,True,False,False,False,False,88.79508196721312,16,0,5.8e-07,8.98711111111111,79.31111111111112,1018.6444444444444,5.567589724444445,48.25555555555555
train_a,-6.95,1.3,3.34,24.4,170.16,-6.95,1.3,3.34,24.4,170.16,8.07,1.23,345.86,74122.0,10860.0,0.0,0.0,0.0,136.9025,0,,0.8397189895143763,0.1230461083304004,1.460222222222222,-0.54,True,False,False,False,False,False,False,False,True,False,False,False,False,88.79508196721312,16,0,5.8e-07,8.98711111111111,79.31111111111112,1018.6444444444444,5.567589724444445,48.25555555555555
train_a,-7.03,1.29,3.16,23.05,170.37,-7.03,1.29,3.16,23.05,170.37,8.06,1.17,348.34,59007.0,10920.0,0.0,0.0,0.0,136.9025,0,,0.8707096587128894,0.1187284104726875,1.4730555555555558,-0.54,True,False,False,False,False,False,False,False,True,False,False,False,False,88.79508196721312,16,0,5.8e-07,8.98711111111111,79.31111111111112,1018.6444444444444,5.567589724444445,48.25555555555555
train_a,-7.05,1.14,3.14,22.89,171.56,-7.05,1.14,3.14,22.89,171.56,8.06,1.49,343.45,63171.0,10980.0,0.0,0.0,0.0,136.9025,0,,0.8743771663703923,0.1469858088525175,1.4867222222222225,-0.54,True,False,False,False,False,False,False,False,True,False,False,False,False,88.79508196721312,16,0,5.8e-07,8.98711111111111,79.31111111111112,1018.6444444444444,5.567589724444445,48.25555555555555
train_a,-7.03,1.08,3.14,22.9,172.0,-7.03,1.08,3.14,22.9,172.0,8.04,1.21,351.03,56267.0,11040.0,0.0,0.0,0.0,136.9025,0,,0.8714985978361849,0.1246912375321106,1.5014444444444444,-0.54,True,False,False,False,False,False,False,False,True,False,False,False,False,88.79508196721312,16,0,5.8e-07,8.98711111111111,79.31111111111112,1018.6444444444444,5.567589724444445,48.25555555555555
train_a,-7.02,0.97,3.17,23.16,172.94,-7.02,0.97,3.17,23.16,172.94,8.04,1.45,341.08,54149.0,11100.0,0.0,0.0,0.0,136.9025,0,,0.8660054215271654,0.141072579561464,1.5187777777777778,-0.54,True,False,False,False,False,False,False,False,True,False,False,False,False,88.79508196721312,16,0,5.8e-07,8.98711111111111,79.31111111111112,1018.6444444444444,5.567589724444445,48.25555555555555
train_a,-6.99,1.35,3.12,22.83,169.93,-6.99,1.35,3.12,22.83,169.93,8.04,1.1,346.42,61789.0,11160.0,0.0,0.0,0.0,136.9025,0,,0.8751771571068575,0.110397870610852,1.5332222222222225,-0.54,True,False,False,False,False,False,False,False,True,False,False,False,False,88.79508196721312,16,0,5.8e-07,8.98711111111111,79.31111111111112,1018.6444444444444,5.567589724444445,48.25555555555555
train_a,-7.01,1.34,3.05,22.21,170.0,-7.01,1.34,3.05,22.21,170.0,8.05,0.97,347.66,39054.0,11220.0,0.0,0.0,0.0,136.9025,0,,0.8895996616393353,0.0980490257489516,1.5434444444444444,-0.54,True,False,False,False,False,False,False,False,True,False,False,False,False,88.79508196721312,16,0,5.8e-07,8.98711111111111,79.31111111111112,1018.6444444444444,5.567589724444445,48.25555555555555
train_a,-6.94,1.03,3.25,23.92,172.34,-6.94,1.03,3.25,23.92,172.34,7.99,1.64,359.94,150809.0,11280.0,0.0,0.0,0.0,136.9025,0,,0.8443291102410352,0.1776913019551151,1.5574444444444446,-0.54,True,False,False,False,False,False,False,False,True,False,False,False,False,88.79508196721312,16,0,5.8e-07,8.98711111111111,79.31111111111112,1018.6444444444444,5.567589724444445,48.25555555555555
train_a,-7.02,0.83,3.17,23.14,173.81,-7.02,0.83,3.17,23.14,173.81,8.03,2.01,352.77,146154.0,11340.0,0.0,0.0,0.0,136.9025,0,,0.8645671461026145,0.2091902526180026,1.5735555555555554,-0.54,True,False,False,False,False,False,False,False,True,False,False,False,False,88.79508196721312,16,0,5.8e-07,8.98711111111111,79.31111111111112,1018.6444444444444,5.567589724444445,48.25555555555555
train_a,-6.98,1.22,3.37,24.39,170.76,-6.98,1.22,3.37,24.39,170.76,8.15,1.78,361.87,135701.0,11400.0,0.0,0.0,0.0,136.9025,0,,0.8458089723941149,0.1949338498238965,1.5899444444444444,-0.54,True,False,False,False,False,False,False,False,True,False,False,False,False,88.79508196721312,16,0,5.8e-07,8.98711111111111,79.31111111111112,1018.6444444444444,5.567589724444445,48.25555555555555
train_a,-6.98,1.15,3.35,24.38,171.41,-6.98,1.15,3.35,24.38,171.41,8.11,1.3,353.0,75734.0,11460.0,0.0,0.0,0.0,136.9025,0,,0.8436519541297662,0.13547365871,1.6044444444444446,-0.54,True,False,False,False,False,False,False,False,True,False,False,False,False,88.79508196721312,16,0,5.8e-07,8.98711111111111,79.31111111111112,1018.6444444444444,5.567589724444445,48.25555555555555
train_a,-7.01,1.22,3.37,24.43,170.84,-7.01,1.22,3.37,24.43,170.84,8.14,1.37,348.96000000000004,69632.0,11520.0,0.0,0.0,0.0,136.9025,0,,0.8443861429133106,0.1395191945546496,1.62,-0.54,True,False,False,False,False,False,False,False,True,False,False,False,False,88.79508196721312,16,0,5.8e-07,8.98711111111111,79.31111111111112,1018.6444444444444,5.567589724444445,48.25555555555555
train_a,-7.3,0.6,2.87,20.57,175.88,-7.3,0.6,2.87,20.57,175.88,8.14,1.44,344.92,63530.0,11580.0,0.0,0.0,0.0,136.9025,0,,0.936762995106681,0.1432720066929407,1.6331666666666669,-0.54,True,False,False,False,False,False,False,False,True,False,False,False,False,88.79508196721312,16,0,5.8e-07,8.98711111111111,79.31111111111112,1018.6444444444444,5.567589724444445,48.25555555555555
train_a,-7.48,-0.16,2.27,16.25,181.51,-7.48,-0.16,2.27,16.25,181.51,8.1,1.17,342.63,52307.0,11640.0,0.0,0.0,0.0,136.9025,0,,1.0523634187889537,0.1148679131224598,1.6398333333333337,-0.54,True,False,False,False,False,False,False,False,True,False,False,False,False,88.79508196721312,16,0,5.8e-07,8.98711111111111,79.31111111111112,1018.6444444444444,5.567589724444445,48.25555555555555
train_a,-7.5,-0.13,2.31,16.5,181.28,-7.5,-0.13,2.31,16.5,181.28,8.12,1.17,342.63,52307.0,11700.0,0.0,0.0,0.0,136.9025,0,,1.0468339567095886,0.1148679131224598,1.641888888888889,-0.54,True,False,False,False,False,False,False,False,True,False,False,False,False,88.79508196721312,16,0,5.8e-07,8.98711111111111,79.31111111111112,1018.6444444444444,5.567589724444445,48.25555555555555
train_a,-7.37,-0.08,2.41,17.43,180.86,-7.37,-0.08,2.41,17.43,180.86,8.02,1.69,345.94,96118.0,11760.0,0.0,0.0,0.0,136.9025,0,,1.011323535506814,0.1691415723726091,1.6458888888888892,-0.54,True,False,False,False,False,False,False,False,True,False,False,False,False,88.79508196721312,16,0,5.8e-07,8.98711111111111,79.31111111111112,1018.6444444444444,5.567589724444445,48.25555555555555
train_a,-7.45,-0.36,2.27,16.39,182.97,-7.45,-0.36,2.27,16.39,182.97,8.04,2.21,349.25,139929.0,11820.0,0.0,0.0,0.0,136.9025,0,,1.0435941113115328,0.2254380400504375,1.6443333333333334,-0.54,True,False,False,False,False,False,False,False,True,False,False,False,False,88.79508196721312,16,0,5.8e-07,8.98711111111111,79.31111111111112,1018.6444444444444,5.567589724444445,48.25555555555555
train_a,-7.49,-0.47,2.14,15.32,183.78,-7.49,-0.47,2.14,15.32,183.78,8.06,2.15,347.99,143570.0,11880.0,0.0,0.0,0.0,136.9025,0,,1.0743183153004967,0.2177379274666045,1.6457777777777778,-0.54,True,False,False,False,False,False,False,False,True,False,False,False,False,88.79508196721312,16,0,5.8e-07,8.98711111111111,79.31111111111112,1018.6444444444444,5.567589724444445,48.25555555555555
train_a,-7.37,-1.04,2.02,14.66,188.07,-7.37,-1.04,2.02,14.66,188.07,7.96,1.37,339.83,37247.0,11940.0,0.0,0.0,0.0,136.9025,0,,1.085804707160991,0.1323140902080259,1.6506666666666665,-0.54,True,False,False,False,False,False,False,False,True,False,False,False,False,88.79508196721312,16,0,5.8e-07,8.98711111111111,79.31111111111112,1018.6444444444444,5.567589724444445,48.25555555555555
